Project Name,Package Name,Type Name,Method Name,Test Smell,Cause of the Smell
.,com.thealgorithms.backtracking,ArrayCombinationTest,testNBeingZeroOrLess,Assertion roulette,The tool detected the smell in this test method because the test uses multiple assertion in the test. Total number of assertions in the test are: 2
.,com.thealgorithms.backtracking,ArrayCombinationTest,testLengthOne,Assertion roulette,The tool detected the smell in this test method because the test uses multiple assertion in the test. Total number of assertions in the test are: 2
.,com.thealgorithms.backtracking,ArrayCombinationTest,testLengthTwo,Assertion roulette,The tool detected the smell in this test method because the test uses multiple assertion in the test. Total number of assertions in the test are: 2
.,com.thealgorithms.backtracking,ArrayCombinationTest,testLengthFive,Assertion roulette,The tool detected the smell in this test method because the test uses multiple assertion in the test. Total number of assertions in the test are: 2
.,com.thealgorithms.backtracking,CombinationTest,testLengthOne,Assertion roulette,The tool detected the smell in this test method because the test uses multiple assertion in the test. Total number of assertions in the test are: 2
.,com.thealgorithms.backtracking,CombinationTest,testLengthTwo,Assertion roulette,The tool detected the smell in this test method because the test uses multiple assertion in the test. Total number of assertions in the test are: 2
.,com.thealgorithms.backtracking,MazeRecursionTest,testMaze,Assertion roulette,The tool detected the smell in this test method because the test uses multiple assertion in the test. Total number of assertions in the test are: 2
.,com.thealgorithms.backtracking,MazeRecursionTest,testMaze,Eager test,The tool detected the smell in this test method because the test checks the results of more than one method from class under test. The called methods are: com.thealgorithms.backtracking.MazeRecursion.setWay2; com.thealgorithms.backtracking.MazeRecursion.setWay
.,com.thealgorithms.backtracking,PermutationTest,testMultipleElements,Assertion roulette,The tool detected the smell in this test method because the test uses multiple assertion in the test. Total number of assertions in the test are: 2
.,com.thealgorithms.ciphers.a5,LFSRTest,getClockBit,Assertion roulette,The tool detected the smell in this test method because the test uses multiple assertion in the test. Total number of assertions in the test are: 2
.,com.thealgorithms.ciphers.a5,LFSRTest,getClockBit,Eager test,The tool detected the smell in this test method because the test checks the results of more than one method from class under test. The called methods are: com.thealgorithms.ciphers.a5.LFSR.getClockBit; com.thealgorithms.ciphers.a5.LFSR.initialize
.,com.thealgorithms.ciphers,CaesarTest,caesarBruteForce,Assertion roulette,The tool detected the smell in this test method because the test uses multiple assertion in the test. Total number of assertions in the test are: 2
.,com.thealgorithms.conversions,BinaryToDecimalTest,testBinaryToDecimal,Assertion roulette,The tool detected the smell in this test method because the test uses multiple assertion in the test. Total number of assertions in the test are: 5
.,com.thealgorithms.conversions,BinaryToDecimalTest,testNegativeBinaryToDecimal,Assertion roulette,The tool detected the smell in this test method because the test uses multiple assertion in the test. Total number of assertions in the test are: 2
.,com.thealgorithms.conversions,BinaryToDecimalTest,testLargeBinaryToDecimal,Assertion roulette,The tool detected the smell in this test method because the test uses multiple assertion in the test. Total number of assertions in the test are: 2
.,com.thealgorithms.conversions,BinaryToHexadecimalTest,testBinaryToHexadecimal,Assertion roulette,The tool detected the smell in this test method because the test uses multiple assertion in the test. Total number of assertions in the test are: 2
.,com.thealgorithms.conversions,BinaryToOctalTest,testBinaryToOctal,Assertion roulette,The tool detected the smell in this test method because the test uses multiple assertion in the test. Total number of assertions in the test are: 2
.,com.thealgorithms.conversions,DecimalToHexaDecimalTest,testDecimalToHexaDecimal,Assertion roulette,The tool detected the smell in this test method because the test uses multiple assertion in the test. Total number of assertions in the test are: 2
.,com.thealgorithms.conversions,HexaDecimalToBinaryTest,testHexaDecimalToBinary,Assertion roulette,The tool detected the smell in this test method because the test uses multiple assertion in the test. Total number of assertions in the test are: 2
.,com.thealgorithms.conversions,HexaDecimalToDecimalTest,testhexaDecimalToDecimal,Assertion roulette,The tool detected the smell in this test method because the test uses multiple assertion in the test. Total number of assertions in the test are: 2
.,com.thealgorithms.conversions,HexToOctTest,testHexToOct,Assertion roulette,The tool detected the smell in this test method because the test uses multiple assertion in the test. Total number of assertions in the test are: 2
.,com.thealgorithms.conversions,HexToOctTest,testHexToOct,Eager test,The tool detected the smell in this test method because the test checks the results of more than one method from class under test. The called methods are: com.thealgorithms.conversions.HexToOct.decimal2octal; com.thealgorithms.conversions.HexToOct.hex2decimal
.,com.thealgorithms.conversions,IntegerToRomanTest,testIntegerToRoman,Assertion roulette,The tool detected the smell in this test method because the test uses multiple assertion in the test. Total number of assertions in the test are: 2
.,com.thealgorithms.conversions,OctalToBinaryTest,testConvertOctalToBinary,Assertion roulette,The tool detected the smell in this test method because the test uses multiple assertion in the test. Total number of assertions in the test are: 4
.,com.thealgorithms.conversions,OctalToDecimalTest,testOctalToDecimal,Assertion roulette,The tool detected the smell in this test method because the test uses multiple assertion in the test. Total number of assertions in the test are: 2
.,com.thealgorithms.conversions,OctalToHexadecimalTest,testOctalToHexadecimal,Assertion roulette,The tool detected the smell in this test method because the test uses multiple assertion in the test. Total number of assertions in the test are: 2
.,com.thealgorithms.conversions,OctalToHexadecimalTest,testOctalToHexadecimal,Eager test,The tool detected the smell in this test method because the test checks the results of more than one method from class under test. The called methods are: com.thealgorithms.conversions.OctalToHexadecimal.decimalToHex; com.thealgorithms.conversions.OctalToHexadecimal.octToDec
.,com.thealgorithms.conversions,RomanToIntegerTest,testRomanToInteger,Assertion roulette,The tool detected the smell in this test method because the test uses multiple assertion in the test. Total number of assertions in the test are: 2
.,com.thealgorithms.datastructures.bloomfilter,BloomFilterTest,test1,Assertion roulette,The tool detected the smell in this test method because the test uses multiple assertion in the test. Total number of assertions in the test are: 2
.,com.thealgorithms.datastructures.bloomfilter,BloomFilterTest,test2,Assertion roulette,The tool detected the smell in this test method because the test uses multiple assertion in the test. Total number of assertions in the test are: 2
.,com.thealgorithms.datastructures.buffers,CircularBufferTest,isEmpty,Assertion roulette,The tool detected the smell in this test method because the test uses multiple assertion in the test. Total number of assertions in the test are: 2
.,com.thealgorithms.datastructures.buffers,CircularBufferTest,isFull,Assertion roulette,The tool detected the smell in this test method because the test uses multiple assertion in the test. Total number of assertions in the test are: 3
.,com.thealgorithms.datastructures.buffers,CircularBufferTest,get,Assertion roulette,The tool detected the smell in this test method because the test uses multiple assertion in the test. Total number of assertions in the test are: 3
.,com.thealgorithms.datastructures.buffers,CircularBufferTest,put,Assertion roulette,The tool detected the smell in this test method because the test uses multiple assertion in the test. Total number of assertions in the test are: 2
.,com.thealgorithms.datastructures.caches,LFUCacheTest,testLFUCacheWithIntegerValueShouldPass,Assertion roulette,The tool detected the smell in this test method because the test uses multiple assertion in the test. Total number of assertions in the test are: 5
.,com.thealgorithms.datastructures.caches,LFUCacheTest,testLFUCacheWithStringValueShouldPass,Assertion roulette,The tool detected the smell in this test method because the test uses multiple assertion in the test. Total number of assertions in the test are: 5
.,com.thealgorithms.datastructures.caches,LFUCacheTest,testAddNodeWithUpdatedFrequency,Assertion roulette,The tool detected the smell in this test method because the test uses multiple assertion in the test. Total number of assertions in the test are: 2
.,com.thealgorithms.datastructures.caches,LRUCacheTest,nullKeysAndValues,Assertion roulette,The tool detected the smell in this test method because the test uses multiple assertion in the test. Total number of assertions in the test are: 2
.,com.thealgorithms.datastructures.caches,MRUCacheTest,nullKeysAndValues,Assertion roulette,The tool detected the smell in this test method because the test uses multiple assertion in the test. Total number of assertions in the test are: 2
.,com.thealgorithms.datastructures.hashmap.hashing,GenericHashMapUsingArrayListTest,testGenericHashmapWhichUsesArrayAndBothKeyAndValueAreStrings,Assertion roulette,The tool detected the smell in this test method because the test uses multiple assertion in the test. Total number of assertions in the test are: 4
.,com.thealgorithms.datastructures.hashmap.hashing,GenericHashMapUsingArrayListTest,testGenericHashmapWhichUsesArrayAndKeyIsStringValueIsInteger,Assertion roulette,The tool detected the smell in this test method because the test uses multiple assertion in the test. Total number of assertions in the test are: 5
.,com.thealgorithms.datastructures.hashmap.hashing,GenericHashMapUsingArrayListTest,testGenericHashmapWhichUsesArrayAndKeyIsIntegerValueIsString,Assertion roulette,The tool detected the smell in this test method because the test uses multiple assertion in the test. Total number of assertions in the test are: 5
.,com.thealgorithms.datastructures.hashmap.hashing,GenericHashMapUsingArrayTest,testGenericHashmapWhichUsesArrayAndBothKeyAndValueAreStrings,Assertion roulette,The tool detected the smell in this test method because the test uses multiple assertion in the test. Total number of assertions in the test are: 4
.,com.thealgorithms.datastructures.hashmap.hashing,GenericHashMapUsingArrayTest,testGenericHashmapWhichUsesArrayAndKeyIsStringValueIsInteger,Assertion roulette,The tool detected the smell in this test method because the test uses multiple assertion in the test. Total number of assertions in the test are: 5
.,com.thealgorithms.datastructures.hashmap.hashing,GenericHashMapUsingArrayTest,testGenericHashmapWhichUsesArrayAndKeyIsIntegerValueIsString,Assertion roulette,The tool detected the smell in this test method because the test uses multiple assertion in the test. Total number of assertions in the test are: 5
.,com.thealgorithms.datastructures.hashmap.hashing,MapTest,putTest,Assertion roulette,The tool detected the smell in this test method because the test uses multiple assertion in the test. Total number of assertions in the test are: 7
.,com.thealgorithms.datastructures.hashmap.hashing,MapTest,getTest,Assertion roulette,The tool detected the smell in this test method because the test uses multiple assertion in the test. Total number of assertions in the test are: 3
.,com.thealgorithms.datastructures.hashmap.hashing,MapTest,deleteTest,Assertion roulette,The tool detected the smell in this test method because the test uses multiple assertion in the test. Total number of assertions in the test are: 3
.,com.thealgorithms.datastructures.hashmap.hashing,MapTest,containsTest,Assertion roulette,The tool detected the smell in this test method because the test uses multiple assertion in the test. Total number of assertions in the test are: 3
.,com.thealgorithms.datastructures.hashmap.hashing,MapTest,sizeTest,Assertion roulette,The tool detected the smell in this test method because the test uses multiple assertion in the test. Total number of assertions in the test are: 3
.,com.thealgorithms.datastructures.hashmap.hashing,MapTest,keysTest,Assertion roulette,The tool detected the smell in this test method because the test uses multiple assertion in the test. Total number of assertions in the test are: 2
.,com.thealgorithms.datastructures.hashmap.hashing,MapTest,hashTest,Assertion roulette,The tool detected the smell in this test method because the test uses multiple assertion in the test. Total number of assertions in the test are: 4
.,com.thealgorithms.datastructures.heaps,FibonacciHeapTest,testHeap,Assertion roulette,The tool detected the smell in this test method because the test uses multiple assertion in the test. Total number of assertions in the test are: 2
.,com.thealgorithms.datastructures.heaps,FibonacciHeapTest,testHeap,Eager test,The tool detected the smell in this test method because the test checks the results of more than one method from class under test. The called methods are: com.thealgorithms.datastructures.heaps.FibonacciHeap.findMin; com.thealgorithms.datastructures.heaps.FibonacciHeap.insert; com.thealgorithms.datastructures.heaps.FibonacciHeap.deleteMin
.,com.thealgorithms.datastructures.heaps,LeftistHeapTest,testLeftistHeap,Assertion roulette,The tool detected the smell in this test method because the test uses multiple assertion in the test. Total number of assertions in the test are: 7
.,com.thealgorithms.datastructures.heaps,LeftistHeapTest,testLeftistHeap,Eager test,The tool detected the smell in this test method because the test checks the results of more than one method from class under test. The called methods are: com.thealgorithms.datastructures.heaps.LeftistHeap.insert; com.thealgorithms.datastructures.heaps.LeftistHeap.clear; com.thealgorithms.datastructures.heaps.LeftistHeap.in_order; com.thealgorithms.datastructures.heaps.LeftistHeap.extract_min; com.thealgorithms.datastructures.heaps.LeftistHeap.isEmpty
.,com.thealgorithms.datastructures.lists,SinglyLinkedListTest,detectLoop,Assertion roulette,The tool detected the smell in this test method because the test uses multiple assertion in the test. Total number of assertions in the test are: 2
.,com.thealgorithms.datastructures.lists,SinglyLinkedListTest,middle,Assertion roulette,The tool detected the smell in this test method because the test uses multiple assertion in the test. Total number of assertions in the test are: 4
.,com.thealgorithms.datastructures.lists,SinglyLinkedListTest,middle,Eager test,The tool detected the smell in this test method because the test checks the results of more than one method from class under test. The called methods are: com.thealgorithms.datastructures.lists.SinglyLinkedList.getHead; com.thealgorithms.datastructures.lists.SinglyLinkedList.middle
.,com.thealgorithms.datastructures.lists,SinglyLinkedListTest,swap,Assertion roulette,The tool detected the smell in this test method because the test uses multiple assertion in the test. Total number of assertions in the test are: 4
.,com.thealgorithms.datastructures.lists,SinglyLinkedListTest,swap,Eager test,The tool detected the smell in this test method because the test checks the results of more than one method from class under test. The called methods are: com.thealgorithms.datastructures.lists.SinglyLinkedList.swapNodes; com.thealgorithms.datastructures.lists.SinglyLinkedList.getHead; com.thealgorithms.datastructures.lists.SinglyLinkedList.getNth
.,com.thealgorithms.datastructures.lists,SinglyLinkedListTest,clear,Assertion roulette,The tool detected the smell in this test method because the test uses multiple assertion in the test. Total number of assertions in the test are: 3
.,com.thealgorithms.datastructures.lists,SinglyLinkedListTest,clear,Eager test,The tool detected the smell in this test method because the test checks the results of more than one method from class under test. The called methods are: com.thealgorithms.datastructures.lists.SinglyLinkedList.clear; com.thealgorithms.datastructures.lists.SinglyLinkedList.size; com.thealgorithms.datastructures.lists.SinglyLinkedList.isEmpty
.,com.thealgorithms.datastructures.lists,SinglyLinkedListTest,search,Assertion roulette,The tool detected the smell in this test method because the test uses multiple assertion in the test. Total number of assertions in the test are: 2
.,com.thealgorithms.datastructures.lists,SinglyLinkedListTest,deleteNth,Assertion roulette,The tool detected the smell in this test method because the test uses multiple assertion in the test. Total number of assertions in the test are: 2
.,com.thealgorithms.datastructures.lists,SinglyLinkedListTest,deleteNth,Eager test,The tool detected the smell in this test method because the test checks the results of more than one method from class under test. The called methods are: com.thealgorithms.datastructures.lists.SinglyLinkedList.search; com.thealgorithms.datastructures.lists.SinglyLinkedList.deleteNth
.,com.thealgorithms.datastructures.lists,SinglyLinkedListTest,reverseList,Assertion roulette,The tool detected the smell in this test method because the test uses multiple assertion in the test. Total number of assertions in the test are: 4
.,com.thealgorithms.datastructures.lists,SinglyLinkedListTest,reverseList,Eager test,The tool detected the smell in this test method because the test checks the results of more than one method from class under test. The called methods are: com.thealgorithms.datastructures.lists.SinglyLinkedList.reverseList; com.thealgorithms.datastructures.lists.SinglyLinkedList.getHead
.,com.thealgorithms.datastructures.lists,SkipListTest,add,Assertion roulette,The tool detected the smell in this test method because the test uses multiple assertion in the test. Total number of assertions in the test are: 2
.,com.thealgorithms.datastructures.queues,LinkedQueueTest,testQue,Assertion roulette,The tool detected the smell in this test method because the test uses multiple assertion in the test. Total number of assertions in the test are: 3
.,com.thealgorithms.datastructures.queues,LinkedQueueTest,testQue,Eager test,The tool detected the smell in this test method because the test checks the results of more than one method from class under test. The called methods are: com.thealgorithms.datastructures.queues.LinkedQueue.peekRear; com.thealgorithms.datastructures.queues.LinkedQueue.peek
.,com.thealgorithms.datastructures.queues,LinkedQueueTest,testQue,Exceptional handling,The tool detected the smell in this test method because the test throws exception(s) from test (rather than using assertThrows method or expected annotation)
.,com.thealgorithms.datastructures.queues,PriorityQueuesTest,testPQInsertion,Assertion roulette,The tool detected the smell in this test method because the test uses multiple assertion in the test. Total number of assertions in the test are: 3
.,com.thealgorithms.datastructures.queues,PriorityQueuesTest,testPQInsertion,Eager test,The tool detected the smell in this test method because the test checks the results of more than one method from class under test. The called methods are: com.thealgorithms.datastructures.queues.PriorityQueue.peek; com.thealgorithms.datastructures.queues.PriorityQueue.insert
.,com.thealgorithms.datastructures.queues,PriorityQueuesTest,testPQDeletion,Assertion roulette,The tool detected the smell in this test method because the test uses multiple assertion in the test. Total number of assertions in the test are: 2
.,com.thealgorithms.datastructures.queues,PriorityQueuesTest,testPQDeletion,Eager test,The tool detected the smell in this test method because the test checks the results of more than one method from class under test. The called methods are: com.thealgorithms.datastructures.queues.PriorityQueue.peek; com.thealgorithms.datastructures.queues.PriorityQueue.remove; com.thealgorithms.datastructures.queues.PriorityQueue.insert
.,com.thealgorithms.datastructures.queues,PriorityQueuesTest,testPQExtra,Assertion roulette,The tool detected the smell in this test method because the test uses multiple assertion in the test. Total number of assertions in the test are: 9
.,com.thealgorithms.datastructures.queues,PriorityQueuesTest,testPQExtra,Eager test,The tool detected the smell in this test method because the test checks the results of more than one method from class under test. The called methods are: com.thealgorithms.datastructures.queues.PriorityQueue.peek; com.thealgorithms.datastructures.queues.PriorityQueue.remove; com.thealgorithms.datastructures.queues.PriorityQueue.isEmpty; com.thealgorithms.datastructures.queues.PriorityQueue.isFull; com.thealgorithms.datastructures.queues.PriorityQueue.insert; com.thealgorithms.datastructures.queues.PriorityQueue.getSize
.,com.thealgorithms.datastructures.trees,BinaryTreeTest,test1,Assertion roulette,The tool detected the smell in this test method because the test uses multiple assertion in the test. Total number of assertions in the test are: 2
.,com.thealgorithms.datastructures.trees,BinaryTreeTest,test1,Eager test,The tool detected the smell in this test method because the test checks the results of more than one method from class under test. The called methods are: com.thealgorithms.datastructures.trees.BinaryTree.put; com.thealgorithms.datastructures.trees.BinaryTree.find
.,com.thealgorithms.datastructures.trees,BinaryTreeTest,test3,Assertion roulette,The tool detected the smell in this test method because the test uses multiple assertion in the test. Total number of assertions in the test are: 2
.,com.thealgorithms.datastructures.trees,BinaryTreeTest,test3,Eager test,The tool detected the smell in this test method because the test checks the results of more than one method from class under test. The called methods are: com.thealgorithms.datastructures.trees.BinaryTree.put; com.thealgorithms.datastructures.trees.BinaryTree.remove
.,com.thealgorithms.datastructures.trees,BinaryTreeTest,test4,Assertion roulette,The tool detected the smell in this test method because the test uses multiple assertion in the test. Total number of assertions in the test are: 2
.,com.thealgorithms.datastructures.trees,BinaryTreeTest,test4,Eager test,The tool detected the smell in this test method because the test checks the results of more than one method from class under test. The called methods are: com.thealgorithms.datastructures.trees.BinaryTree.put; com.thealgorithms.datastructures.trees.BinaryTree.getRoot; com.thealgorithms.datastructures.trees.BinaryTree.bfs; com.thealgorithms.datastructures.trees.BinaryTree.preOrder; com.thealgorithms.datastructures.trees.BinaryTree.remove; com.thealgorithms.datastructures.trees.BinaryTree.postOrder; com.thealgorithms.datastructures.trees.BinaryTree.find; com.thealgorithms.datastructures.trees.BinaryTree.inOrder
.,com.thealgorithms.datastructures.trees,CheckIfBinaryTreeBalancedTest,testRootNull,Assertion roulette,The tool detected the smell in this test method because the test uses multiple assertion in the test. Total number of assertions in the test are: 2
.,com.thealgorithms.datastructures.trees,CheckIfBinaryTreeBalancedTest,testOneNode,Assertion roulette,The tool detected the smell in this test method because the test uses multiple assertion in the test. Total number of assertions in the test are: 2
.,com.thealgorithms.datastructures.trees,CheckIfBinaryTreeBalancedTest,testBinaryTreeIsBalancedEqualSubtreeHeights,Assertion roulette,The tool detected the smell in this test method because the test uses multiple assertion in the test. Total number of assertions in the test are: 2
.,com.thealgorithms.datastructures.trees,CheckIfBinaryTreeBalancedTest,testBinaryTreeIsBalancedWithDifferentHeights,Assertion roulette,The tool detected the smell in this test method because the test uses multiple assertion in the test. Total number of assertions in the test are: 2
.,com.thealgorithms.datastructures.trees,CheckIfBinaryTreeBalancedTest,testBinaryTreeNotBalanced,Assertion roulette,The tool detected the smell in this test method because the test uses multiple assertion in the test. Total number of assertions in the test are: 2
.,com.thealgorithms.datastructures.trees,CheckIfBinaryTreeBalancedTest,testBinaryTreeNotBalancedBecauseLeftTreeNotBalanced,Assertion roulette,The tool detected the smell in this test method because the test uses multiple assertion in the test. Total number of assertions in the test are: 2
.,com.thealgorithms.datastructures.trees,CreateBinaryTreeFromInorderPreorderTest,testOnNullArraysShouldReturnNullTree,Assertion roulette,The tool detected the smell in this test method because the test uses multiple assertion in the test. Total number of assertions in the test are: 2
.,com.thealgorithms.datastructures.trees,CreateBinaryTreeFromInorderPreorderTest,testOnNullArraysShouldReturnNullTree,Eager test,The tool detected the smell in this test method because the test checks the results of more than one method from class under test. The called methods are: com.thealgorithms.datastructures.trees.CreateBinaryTreeFromInorderPreorder.createTree; com.thealgorithms.datastructures.trees.CreateBinaryTreeFromInorderPreorder.createTreeOptimized
.,com.thealgorithms.datastructures.trees,CreateBinaryTreeFromInorderPreorderTest,testOnEmptyArraysShouldCreateNullTree,Assertion roulette,The tool detected the smell in this test method because the test uses multiple assertion in the test. Total number of assertions in the test are: 2
.,com.thealgorithms.datastructures.trees,CreateBinaryTreeFromInorderPreorderTest,testOnEmptyArraysShouldCreateNullTree,Eager test,The tool detected the smell in this test method because the test checks the results of more than one method from class under test. The called methods are: com.thealgorithms.datastructures.trees.CreateBinaryTreeFromInorderPreorder.createTree; com.thealgorithms.datastructures.trees.CreateBinaryTreeFromInorderPreorder.createTreeOptimized
.,com.thealgorithms.datastructures.trees,CreateBinaryTreeFromInorderPreorderTest,testOnSingleNodeTreeShouldCreateCorrectTree,Missing assertion,The tool detected the smell in this test method because the test doesn't have any assertion.
.,com.thealgorithms.datastructures.trees,CreateBinaryTreeFromInorderPreorderTest,testOnRightSkewedTreeShouldCreateCorrectTree,Missing assertion,The tool detected the smell in this test method because the test doesn't have any assertion.
.,com.thealgorithms.datastructures.trees,CreateBinaryTreeFromInorderPreorderTest,testOnLeftSkewedTreeShouldCreateCorrectTree,Missing assertion,The tool detected the smell in this test method because the test doesn't have any assertion.
.,com.thealgorithms.datastructures.trees,CreateBinaryTreeFromInorderPreorderTest,testOnNormalTreeShouldCreateCorrectTree,Missing assertion,The tool detected the smell in this test method because the test doesn't have any assertion.
.,com.thealgorithms.datastructures.trees,InorderTraversalTest,testNullRoot,Assertion roulette,The tool detected the smell in this test method because the test uses multiple assertion in the test. Total number of assertions in the test are: 2
.,com.thealgorithms.datastructures.trees,InorderTraversalTest,testRecursiveInorder,Assertion roulette,The tool detected the smell in this test method because the test uses multiple assertion in the test. Total number of assertions in the test are: 2
.,com.thealgorithms.datastructures.trees,InorderTraversalTest,testRecursiveInorderNonBalanced,Assertion roulette,The tool detected the smell in this test method because the test uses multiple assertion in the test. Total number of assertions in the test are: 2
.,com.thealgorithms.datastructures.trees,KDTreeTest,findMin,Assertion roulette,The tool detected the smell in this test method because the test uses multiple assertion in the test. Total number of assertions in the test are: 2
.,com.thealgorithms.datastructures.trees,KDTreeTest,delete,Assertion roulette,The tool detected the smell in this test method because the test uses multiple assertion in the test. Total number of assertions in the test are: 2
.,com.thealgorithms.datastructures.trees,KDTreeTest,delete,Eager test,The tool detected the smell in this test method because the test checks the results of more than one method from class under test. The called methods are: com.thealgorithms.datastructures.trees.KDTree.getRoot; com.thealgorithms.datastructures.trees.KDTree.delete
.,com.thealgorithms.datastructures.trees,KDTreeTest,findNearest,Assertion roulette,The tool detected the smell in this test method because the test uses multiple assertion in the test. Total number of assertions in the test are: 4
.,com.thealgorithms.datastructures.trees,LazySegmentTreeTest,build,Assertion roulette,The tool detected the smell in this test method because the test uses multiple assertion in the test. Total number of assertions in the test are: 3
.,com.thealgorithms.datastructures.trees,LazySegmentTreeTest,update,Assertion roulette,The tool detected the smell in this test method because the test uses multiple assertion in the test. Total number of assertions in the test are: 5
.,com.thealgorithms.datastructures.trees,LazySegmentTreeTest,update,Eager test,The tool detected the smell in this test method because the test checks the results of more than one method from class under test. The called methods are: com.thealgorithms.datastructures.trees.LazySegmentTree.updateRange; com.thealgorithms.datastructures.trees.LazySegmentTree.getRoot
.,com.thealgorithms.datastructures.trees,LazySegmentTreeTest,get,Assertion roulette,The tool detected the smell in this test method because the test uses multiple assertion in the test. Total number of assertions in the test are: 4
.,com.thealgorithms.datastructures.trees,LazySegmentTreeTest,updateAndGet,Assertion roulette,The tool detected the smell in this test method because the test uses multiple assertion in the test. Total number of assertions in the test are: 2
.,com.thealgorithms.datastructures.trees,LazySegmentTreeTest,updateAndGet,Eager test,The tool detected the smell in this test method because the test checks the results of more than one method from class under test. The called methods are: com.thealgorithms.datastructures.trees.LazySegmentTree.updateRange; com.thealgorithms.datastructures.trees.LazySegmentTree.getRange
.,com.thealgorithms.datastructures.trees,PostOrderTraversalTest,testNullRoot,Assertion roulette,The tool detected the smell in this test method because the test uses multiple assertion in the test. Total number of assertions in the test are: 2
.,com.thealgorithms.datastructures.trees,PostOrderTraversalTest,testPostOrder,Assertion roulette,The tool detected the smell in this test method because the test uses multiple assertion in the test. Total number of assertions in the test are: 2
.,com.thealgorithms.datastructures.trees,PostOrderTraversalTest,testPostOrderNonBalanced,Assertion roulette,The tool detected the smell in this test method because the test uses multiple assertion in the test. Total number of assertions in the test are: 2
.,com.thealgorithms.datastructures.trees,PreOrderTraversalTest,testNullRoot,Assertion roulette,The tool detected the smell in this test method because the test uses multiple assertion in the test. Total number of assertions in the test are: 2
.,com.thealgorithms.datastructures.trees,PreOrderTraversalTest,testRecursivePreOrder,Assertion roulette,The tool detected the smell in this test method because the test uses multiple assertion in the test. Total number of assertions in the test are: 2
.,com.thealgorithms.datastructures.trees,PreOrderTraversalTest,testRecursivePreOrderNonBalanced,Assertion roulette,The tool detected the smell in this test method because the test uses multiple assertion in the test. Total number of assertions in the test are: 2
.,com.thealgorithms.divideandconquer,BinaryExponentiationTest,testCalculatePower,Assertion roulette,The tool detected the smell in this test method because the test uses multiple assertion in the test. Total number of assertions in the test are: 11
.,com.thealgorithms.divideandconquer,BinaryExponentiationTest,testPower,Assertion roulette,The tool detected the smell in this test method because the test uses multiple assertion in the test. Total number of assertions in the test are: 11
.,com.thealgorithms.dynamicprogramming,CatalanNumberTest,testCatalanNumber,Assertion roulette,The tool detected the smell in this test method because the test uses multiple assertion in the test. Total number of assertions in the test are: 2
.,com.thealgorithms.io,BufferedReaderTest,testPeeks,Assertion roulette,The tool detected the smell in this test method because the test uses multiple assertion in the test. Total number of assertions in the test are: 5
.,com.thealgorithms.io,BufferedReaderTest,testPeeks,Eager test,The tool detected the smell in this test method because the test checks the results of more than one method from class under test. The called methods are: com.thealgorithms.io.BufferedReader.read; com.thealgorithms.io.BufferedReader.available; com.thealgorithms.io.BufferedReader.peek
.,com.thealgorithms.io,BufferedReaderTest,testMixes,Assertion roulette,The tool detected the smell in this test method because the test uses multiple assertion in the test. Total number of assertions in the test are: 9
.,com.thealgorithms.io,BufferedReaderTest,testMixes,Eager test,The tool detected the smell in this test method because the test checks the results of more than one method from class under test. The called methods are: com.thealgorithms.io.BufferedReader.read; com.thealgorithms.io.BufferedReader.available; com.thealgorithms.io.BufferedReader.peek
.,com.thealgorithms.io,BufferedReaderTest,testBlockPractical,Assertion roulette,The tool detected the smell in this test method because the test uses multiple assertion in the test. Total number of assertions in the test are: 7
.,com.thealgorithms.io,BufferedReaderTest,testBlockPractical,Eager test,The tool detected the smell in this test method because the test checks the results of more than one method from class under test. The called methods are: com.thealgorithms.io.BufferedReader.read; com.thealgorithms.io.BufferedReader.available; com.thealgorithms.io.BufferedReader.peek; com.thealgorithms.io.BufferedReader.readBlock
.,com.thealgorithms.io,BufferedReaderTest,testBlockPractical,Exceptional handling,The tool detected the smell in this test method because the test throws exception(s) from test (rather than using assertThrows method or expected annotation)
.,com.thealgorithms.io,BufferedReaderTest,testBlockPractical,Conditional test logic,The tool detected the smell in this test method because the test wraps the assert statements within control flow statements.
.,com.thealgorithms.maths,AbsoluteMaxTest,testGetMaxValue,Assertion roulette,The tool detected the smell in this test method because the test uses multiple assertion in the test. Total number of assertions in the test are: 3
.,com.thealgorithms.maths,AbsoluteMinTest,testGetMinValue,Assertion roulette,The tool detected the smell in this test method because the test uses multiple assertion in the test. Total number of assertions in the test are: 2
.,com.thealgorithms.maths,AbsoluteMinTest,testGetMinValueWithNoArguments,Assertion roulette,The tool detected the smell in this test method because the test uses multiple assertion in the test. Total number of assertions in the test are: 2
.,com.thealgorithms.maths,ADTFractionTest,testConstructorWithDenominatorEqualToZero,Assertion roulette,The tool detected the smell in this test method because the test uses multiple assertion in the test. Total number of assertions in the test are: 2
.,com.thealgorithms.maths,ADTFractionTest,testTimes,Assertion roulette,The tool detected the smell in this test method because the test uses multiple assertion in the test. Total number of assertions in the test are: 2
.,com.thealgorithms.maths,ADTFractionTest,testEqualsAndHashCode,Assertion roulette,The tool detected the smell in this test method because the test uses multiple assertion in the test. Total number of assertions in the test are: 2
.,com.thealgorithms.maths,AliquotSumTest,testGetMaxValue,Assertion roulette,The tool detected the smell in this test method because the test uses multiple assertion in the test. Total number of assertions in the test are: 8
.,com.thealgorithms.maths,AliquotSumTest,testGetMaxValue,Eager test,The tool detected the smell in this test method because the test checks the results of more than one method from class under test. The called methods are: com.thealgorithms.maths.AliquotSum.getAliquotSum; com.thealgorithms.maths.AliquotSum.getAliquotValue
.,com.thealgorithms.maths,AmicableNumberTest,testShouldThrowExceptionWhenInvalidRangeProvided,Missing assertion,The tool detected the smell in this test method because the test doesn't have any assertion.
.,com.thealgorithms.maths,AmicableNumberTest,testShouldThrowExceptionWhenInvalidNumbersProvided,Missing assertion,The tool detected the smell in this test method because the test doesn't have any assertion.
.,com.thealgorithms.maths,AmicableNumberTest,testAmicableNumbers,Assertion roulette,The tool detected the smell in this test method because the test uses multiple assertion in the test. Total number of assertions in the test are: 3
.,com.thealgorithms.maths,AreaTest,testAllIllegalInput,Assertion roulette,The tool detected the smell in this test method because the test uses multiple assertion in the test. Total number of assertions in the test are: 19
.,com.thealgorithms.maths,ArmstrongTest,testIsArmstrong,Assertion roulette,The tool detected the smell in this test method because the test uses multiple assertion in the test. Total number of assertions in the test are: 6
.,com.thealgorithms.maths,AutomorphicNumberTest,testAutomorphicNumber,Assertion roulette,The tool detected the smell in this test method because the test uses multiple assertion in the test. Total number of assertions in the test are: 8
.,com.thealgorithms.maths,AutomorphicNumberTest,testAutomorphicNumber,Eager test,The tool detected the smell in this test method because the test checks the results of more than one method from class under test. The called methods are: com.thealgorithms.maths.AutomorphicNumber.isAutomorphic; com.thealgorithms.maths.AutomorphicNumber.isAutomorphic2; com.thealgorithms.maths.AutomorphicNumber.isAutomorphic3
.,com.thealgorithms.maths,BinaryPowTest,testBinPow,Assertion roulette,The tool detected the smell in this test method because the test uses multiple assertion in the test. Total number of assertions in the test are: 4
.,com.thealgorithms.maths,BinomialCoefficientTest,testBinomialCoefficient,Assertion roulette,The tool detected the smell in this test method because the test uses multiple assertion in the test. Total number of assertions in the test are: 4
.,com.thealgorithms.maths,CeilTest,testCeil,Assertion roulette,The tool detected the smell in this test method because the test uses multiple assertion in the test. Total number of assertions in the test are: 5
.,com.thealgorithms.maths,CollatzConjectureTest,sequenceOfNotNaturalFirstNumber,Assertion roulette,The tool detected the smell in this test method because the test uses multiple assertion in the test. Total number of assertions in the test are: 2
.,com.thealgorithms.maths,CombinationsTest,testCombination,Assertion roulette,The tool detected the smell in this test method because the test uses multiple assertion in the test. Total number of assertions in the test are: 4
.,com.thealgorithms.maths,CombinationsTest,testCombinationOptimised,Assertion roulette,The tool detected the smell in this test method because the test uses multiple assertion in the test. Total number of assertions in the test are: 6
.,com.thealgorithms.maths,DigitalRootTest,testDigitalroot,Assertion roulette,The tool detected the smell in this test method because the test uses multiple assertion in the test. Total number of assertions in the test are: 6
.,com.thealgorithms.maths,DudeneyNumberTest,isDudeney,Assertion roulette,The tool detected the smell in this test method because the test uses multiple assertion in the test. Total number of assertions in the test are: 2
.,com.thealgorithms.maths,FFTTest,multiplyWithComplexTest,Assertion roulette,The tool detected the smell in this test method because the test uses multiple assertion in the test. Total number of assertions in the test are: 2
.,com.thealgorithms.maths,FFTTest,multiplyWithScalarTest,Assertion roulette,The tool detected the smell in this test method because the test uses multiple assertion in the test. Total number of assertions in the test are: 2
.,com.thealgorithms.maths,FFTTest,conjugateTest,Assertion roulette,The tool detected the smell in this test method because the test uses multiple assertion in the test. Total number of assertions in the test are: 2
.,com.thealgorithms.maths,FFTTest,divideWithComplexTest,Assertion roulette,The tool detected the smell in this test method because the test uses multiple assertion in the test. Total number of assertions in the test are: 2
.,com.thealgorithms.maths,FFTTest,divideWithScalarTest,Assertion roulette,The tool detected the smell in this test method because the test uses multiple assertion in the test. Total number of assertions in the test are: 2
.,com.thealgorithms.maths,FFTTest,fft,Assertion roulette,The tool detected the smell in this test method because the test uses multiple assertion in the test. Total number of assertions in the test are: 4
.,com.thealgorithms.maths,FibonacciJavaStreamsTest,testWithNegativeIndexShouldThrowException,Assertion roulette,The tool detected the smell in this test method because the test uses multiple assertion in the test. Total number of assertions in the test are: 2
.,com.thealgorithms.maths,FibonacciJavaStreamsTest,testCheckTheFirst4SequenceElements,Missing assertion,The tool detected the smell in this test method because the test doesn't have any assertion.
.,com.thealgorithms.maths,FibonacciJavaStreamsTest,testCheck10thSequenceElement,Missing assertion,The tool detected the smell in this test method because the test doesn't have any assertion.
.,com.thealgorithms.maths,FibonacciJavaStreamsTest,testCheck20thSequenceElement,Missing assertion,The tool detected the smell in this test method because the test doesn't have any assertion.
.,com.thealgorithms.maths,FibonacciJavaStreamsTest,testCheck30thSequenceElement,Missing assertion,The tool detected the smell in this test method because the test doesn't have any assertion.
.,com.thealgorithms.maths,FibonacciJavaStreamsTest,testCheck40thSequenceElement,Missing assertion,The tool detected the smell in this test method because the test doesn't have any assertion.
.,com.thealgorithms.maths,FibonacciJavaStreamsTest,testCheck50thSequenceElement,Missing assertion,The tool detected the smell in this test method because the test doesn't have any assertion.
.,com.thealgorithms.maths,FibonacciJavaStreamsTest,testCheck100thSequenceElement,Missing assertion,The tool detected the smell in this test method because the test doesn't have any assertion.
.,com.thealgorithms.maths,FibonacciJavaStreamsTest,testCheck200thSequenceElement,Missing assertion,The tool detected the smell in this test method because the test doesn't have any assertion.
.,com.thealgorithms.maths,FibonacciNumberCheckTest,testNumberIsFibonacciNumber,Assertion roulette,The tool detected the smell in this test method because the test uses multiple assertion in the test. Total number of assertions in the test are: 7
.,com.thealgorithms.maths,FibonacciNumberCheckTest,testNumberIsNotFibonacciNumber,Assertion roulette,The tool detected the smell in this test method because the test uses multiple assertion in the test. Total number of assertions in the test are: 4
.,com.thealgorithms.maths,FrizzyNumberTest,testFrizziesForBase2,Assertion roulette,The tool detected the smell in this test method because the test uses multiple assertion in the test. Total number of assertions in the test are: 3
.,com.thealgorithms.maths,FrizzyNumberTest,testFrizziesForBase3,Assertion roulette,The tool detected the smell in this test method because the test uses multiple assertion in the test. Total number of assertions in the test are: 3
.,com.thealgorithms.maths,FrizzyNumberTest,testFrizziesForBase69,Assertion roulette,The tool detected the smell in this test method because the test uses multiple assertion in the test. Total number of assertions in the test are: 4
.,com.thealgorithms.maths,HarshadNumberTest,harshadNumber,Assertion roulette,The tool detected the smell in this test method because the test uses multiple assertion in the test. Total number of assertions in the test are: 10
.,com.thealgorithms.maths,JosephusProblemTest,testJosephusProblem,Assertion roulette,The tool detected the smell in this test method because the test uses multiple assertion in the test. Total number of assertions in the test are: 2
.,com.thealgorithms.maths,KaprekarNumbersTest,testForRangeOfNumber,Missing assertion,The tool detected the smell in this test method because the test doesn't have any assertion.
.,com.thealgorithms.maths,LiouvilleLambdaFunctionTest,testLiouvilleLambdaMustThrowExceptionIfNumberIsZero,Assertion roulette,The tool detected the smell in this test method because the test uses multiple assertion in the test. Total number of assertions in the test are: 2
.,com.thealgorithms.maths,LiouvilleLambdaFunctionTest,testLiouvilleLambdaMustThrowExceptionIfNumberIsNegative,Assertion roulette,The tool detected the smell in this test method because the test uses multiple assertion in the test. Total number of assertions in the test are: 2
.,com.thealgorithms.maths,LucasSeriesTest,lucasSeriesTwo,Assertion roulette,The tool detected the smell in this test method because the test uses multiple assertion in the test. Total number of assertions in the test are: 2
.,com.thealgorithms.maths,LucasSeriesTest,lucasSeriesTwo,Eager test,The tool detected the smell in this test method because the test checks the results of more than one method from class under test. The called methods are: com.thealgorithms.maths.LucasSeries.lucasSeriesIteration; com.thealgorithms.maths.LucasSeries.lucasSeries
.,com.thealgorithms.maths,LucasSeriesTest,lucasSeriesOne,Assertion roulette,The tool detected the smell in this test method because the test uses multiple assertion in the test. Total number of assertions in the test are: 2
.,com.thealgorithms.maths,LucasSeriesTest,lucasSeriesOne,Eager test,The tool detected the smell in this test method because the test checks the results of more than one method from class under test. The called methods are: com.thealgorithms.maths.LucasSeries.lucasSeriesIteration; com.thealgorithms.maths.LucasSeries.lucasSeries
.,com.thealgorithms.maths,LucasSeriesTest,lucasSeriesSeven,Assertion roulette,The tool detected the smell in this test method because the test uses multiple assertion in the test. Total number of assertions in the test are: 2
.,com.thealgorithms.maths,LucasSeriesTest,lucasSeriesSeven,Eager test,The tool detected the smell in this test method because the test checks the results of more than one method from class under test. The called methods are: com.thealgorithms.maths.LucasSeries.lucasSeriesIteration; com.thealgorithms.maths.LucasSeries.lucasSeries
.,com.thealgorithms.maths,LucasSeriesTest,lucasSeriesEleven,Assertion roulette,The tool detected the smell in this test method because the test uses multiple assertion in the test. Total number of assertions in the test are: 2
.,com.thealgorithms.maths,LucasSeriesTest,lucasSeriesEleven,Eager test,The tool detected the smell in this test method because the test checks the results of more than one method from class under test. The called methods are: com.thealgorithms.maths.LucasSeries.lucasSeriesIteration; com.thealgorithms.maths.LucasSeries.lucasSeries
.,com.thealgorithms.maths,MobiusFunctionTest,testMobiusForZero,Assertion roulette,The tool detected the smell in this test method because the test uses multiple assertion in the test. Total number of assertions in the test are: 2
.,com.thealgorithms.maths,MobiusFunctionTest,testMobiusForNegativeNumber,Assertion roulette,The tool detected the smell in this test method because the test uses multiple assertion in the test. Total number of assertions in the test are: 2
.,com.thealgorithms.maths,NthUglyNumberTest,testGetWithNewObject,Assertion roulette,The tool detected the smell in this test method because the test uses multiple assertion in the test. Total number of assertions in the test are: 2
.,com.thealgorithms.maths,NthUglyNumberTest,testGetWithSameObject,Assertion roulette,The tool detected the smell in this test method because the test uses multiple assertion in the test. Total number of assertions in the test are: 2
.,com.thealgorithms.maths,PalindromeNumberTest,testNumbersArePalindromes,Assertion roulette,The tool detected the smell in this test method because the test uses multiple assertion in the test. Total number of assertions in the test are: 4
.,com.thealgorithms.maths,PalindromeNumberTest,testNumbersAreNotPalindromes,Assertion roulette,The tool detected the smell in this test method because the test uses multiple assertion in the test. Total number of assertions in the test are: 3
.,com.thealgorithms.maths,PalindromeNumberTest,testIfNegativeInputThenExceptionExpected,Assertion roulette,The tool detected the smell in this test method because the test uses multiple assertion in the test. Total number of assertions in the test are: 2
.,com.thealgorithms.maths,ParseIntegerTest,testNullInput,Assertion roulette,The tool detected the smell in this test method because the test uses multiple assertion in the test. Total number of assertions in the test are: 2
.,com.thealgorithms.maths,ParseIntegerTest,testInputOfIncorrectFormat,Assertion roulette,The tool detected the smell in this test method because the test uses multiple assertion in the test. Total number of assertions in the test are: 4
.,com.thealgorithms.maths,ParseIntegerTest,testPositiveValueIsSuccessfullyConverted,Assertion roulette,The tool detected the smell in this test method because the test uses multiple assertion in the test. Total number of assertions in the test are: 5
.,com.thealgorithms.maths,ParseIntegerTest,testNegativeValueIsSuccessfullyConverted,Assertion roulette,The tool detected the smell in this test method because the test uses multiple assertion in the test. Total number of assertions in the test are: 4
.,com.thealgorithms.maths,PerfectCubeTest,perfectCube,Assertion roulette,The tool detected the smell in this test method because the test uses multiple assertion in the test. Total number of assertions in the test are: 20
.,com.thealgorithms.maths,PerfectCubeTest,perfectCube,Eager test,The tool detected the smell in this test method because the test checks the results of more than one method from class under test. The called methods are: com.thealgorithms.maths.PerfectCube.isPerfectCubeMathCbrt; com.thealgorithms.maths.PerfectCube.isPerfectCube
.,com.thealgorithms.maths,PerfectNumberTest,perfectNumber,Assertion roulette,The tool detected the smell in this test method because the test uses multiple assertion in the test. Total number of assertions in the test are: 4
.,com.thealgorithms.maths,PerfectNumberTest,perfectNumber,Eager test,The tool detected the smell in this test method because the test checks the results of more than one method from class under test. The called methods are: com.thealgorithms.maths.PerfectNumber.isPerfectNumber2; com.thealgorithms.maths.PerfectNumber.isPerfectNumber
.,com.thealgorithms.maths,PollardRhoTest,testPollardRhoForNumber239MustThrowException,Assertion roulette,The tool detected the smell in this test method because the test uses multiple assertion in the test. Total number of assertions in the test are: 2
.,com.thealgorithms.maths,PrimeFactorizationTest,testpFactorsMustReturnNonEmptyList,Assertion roulette,The tool detected the smell in this test method because the test uses multiple assertion in the test. Total number of assertions in the test are: 5
.,com.thealgorithms.maths,PythagoreanTripleTest,Testpythagoreantriple,Assertion roulette,The tool detected the smell in this test method because the test uses multiple assertion in the test. Total number of assertions in the test are: 9
.,com.thealgorithms.maths,SquareFreeIntegerTest,testIsSquareFreeIntegerThrowExceptionIfNumberIsZero,Assertion roulette,The tool detected the smell in this test method because the test uses multiple assertion in the test. Total number of assertions in the test are: 2
.,com.thealgorithms.maths,SquareFreeIntegerTest,testIsSquareFreeIntegerMustThrowExceptionIfNumberIsNegative,Assertion roulette,The tool detected the smell in this test method because the test uses multiple assertion in the test. Total number of assertions in the test are: 2
.,com.thealgorithms.maths,SumOfDigitsTest,testZero,Assertion roulette,The tool detected the smell in this test method because the test uses multiple assertion in the test. Total number of assertions in the test are: 3
.,com.thealgorithms.maths,SumOfDigitsTest,testZero,Eager test,The tool detected the smell in this test method because the test checks the results of more than one method from class under test. The called methods are: com.thealgorithms.maths.SumOfDigits.sumOfDigits; com.thealgorithms.maths.SumOfDigits.sumOfDigitsFast; com.thealgorithms.maths.SumOfDigits.sumOfDigitsRecursion
.,com.thealgorithms.maths,SumOfDigitsTest,testPositive,Assertion roulette,The tool detected the smell in this test method because the test uses multiple assertion in the test. Total number of assertions in the test are: 3
.,com.thealgorithms.maths,SumOfDigitsTest,testPositive,Eager test,The tool detected the smell in this test method because the test checks the results of more than one method from class under test. The called methods are: com.thealgorithms.maths.SumOfDigits.sumOfDigits; com.thealgorithms.maths.SumOfDigits.sumOfDigitsFast; com.thealgorithms.maths.SumOfDigits.sumOfDigitsRecursion
.,com.thealgorithms.maths,SumOfDigitsTest,testNegative,Assertion roulette,The tool detected the smell in this test method because the test uses multiple assertion in the test. Total number of assertions in the test are: 3
.,com.thealgorithms.maths,SumOfDigitsTest,testNegative,Eager test,The tool detected the smell in this test method because the test checks the results of more than one method from class under test. The called methods are: com.thealgorithms.maths.SumOfDigits.sumOfDigits; com.thealgorithms.maths.SumOfDigits.sumOfDigitsFast; com.thealgorithms.maths.SumOfDigits.sumOfDigitsRecursion
.,com.thealgorithms.maths,SumWithoutArithmeticOperatorsTest,addZerotoNumber,Assertion roulette,The tool detected the smell in this test method because the test uses multiple assertion in the test. Total number of assertions in the test are: 2
.,com.thealgorithms.maths,SumWithoutArithmeticOperatorsTest,addOddtoEven,Assertion roulette,The tool detected the smell in this test method because the test uses multiple assertion in the test. Total number of assertions in the test are: 2
.,com.thealgorithms.maths,SumWithoutArithmeticOperatorsTest,addEventoOdd,Assertion roulette,The tool detected the smell in this test method because the test uses multiple assertion in the test. Total number of assertions in the test are: 2
.,com.thealgorithms.maths,SumWithoutArithmeticOperatorsTest,addRandoms,Assertion roulette,The tool detected the smell in this test method because the test uses multiple assertion in the test. Total number of assertions in the test are: 4
.,com.thealgorithms.maths,TestArmstrong,testArmstrong,Assertion roulette,The tool detected the smell in this test method because the test uses multiple assertion in the test. Total number of assertions in the test are: 2
.,com.thealgorithms.maths,VolumeTest,volume,Assertion roulette,The tool detected the smell in this test method because the test uses multiple assertion in the test. Total number of assertions in the test are: 8
.,com.thealgorithms.maths,VolumeTest,volume,Eager test,The tool detected the smell in this test method because the test checks the results of more than one method from class under test. The called methods are: com.thealgorithms.maths.Volume.volumeSphere; com.thealgorithms.maths.Volume.volumeCylinder; com.thealgorithms.maths.Volume.volumePrism; com.thealgorithms.maths.Volume.volumeCube; com.thealgorithms.maths.Volume.volumePyramid; com.thealgorithms.maths.Volume.volumeCuboid; com.thealgorithms.maths.Volume.volumeHemisphere; com.thealgorithms.maths.Volume.volumeCone
.,com.thealgorithms.others,countSetBitsTest,testSetBits,Assertion roulette,The tool detected the smell in this test method because the test uses multiple assertion in the test. Total number of assertions in the test are: 4
.,com.thealgorithms.others,LowestBasePalindromeTest,testIsPalindromicPositive,Assertion roulette,The tool detected the smell in this test method because the test uses multiple assertion in the test. Total number of assertions in the test are: 5
.,com.thealgorithms.others,LowestBasePalindromeTest,testIsPalindromicNegative,Assertion roulette,The tool detected the smell in this test method because the test uses multiple assertion in the test. Total number of assertions in the test are: 2
.,com.thealgorithms.others,LowestBasePalindromeTest,testIsPalindromicInBasePositive,Assertion roulette,The tool detected the smell in this test method because the test uses multiple assertion in the test. Total number of assertions in the test are: 5
.,com.thealgorithms.others,LowestBasePalindromeTest,testIsPalindromicInBaseNegative,Assertion roulette,The tool detected the smell in this test method because the test uses multiple assertion in the test. Total number of assertions in the test are: 2
.,com.thealgorithms.others,SieveOfEratosthenesTest,testfFindPrimesTill4,Assertion roulette,The tool detected the smell in this test method because the test uses multiple assertion in the test. Total number of assertions in the test are: 2
.,com.thealgorithms.others,SieveOfEratosthenesTest,testfFindPrimesTill40,Assertion roulette,The tool detected the smell in this test method because the test uses multiple assertion in the test. Total number of assertions in the test are: 4
.,com.thealgorithms.others,SieveOfEratosthenesTest,testfFindPrimesTill240,Assertion roulette,The tool detected the smell in this test method because the test uses multiple assertion in the test. Total number of assertions in the test are: 2
.,com.thealgorithms.others.cn,HammingDistanceTest,mismatchDataBits,Assertion roulette,The tool detected the smell in this test method because the test uses multiple assertion in the test. Total number of assertions in the test are: 2
.,com.thealgorithms.others.cn,HammingDistanceTest,mismatchDataBits2,Assertion roulette,The tool detected the smell in this test method because the test uses multiple assertion in the test. Total number of assertions in the test are: 2
.,com.thealgorithms.others.cn,HammingDistanceTest,computeThrowsExceptionWhenInputsAreNotBitStrs,Assertion roulette,The tool detected the smell in this test method because the test uses multiple assertion in the test. Total number of assertions in the test are: 2
.,com.thealgorithms.scheduling,FCFSSchedulingTest,testingProcesses,Assertion roulette,The tool detected the smell in this test method because the test uses multiple assertion in the test. Total number of assertions in the test are: 10
.,com.thealgorithms.scheduling,FCFSSchedulingTest,testingProcesses,Eager test,The tool detected the smell in this test method because the test checks the results of more than one method from class under test. The called methods are: com.thealgorithms.devutils.entities.ProcessDetails.getTurnAroundTimeTime; com.thealgorithms.devutils.entities.ProcessDetails.getWaitingTime; com.thealgorithms.devutils.entities.ProcessDetails.getProcessId; com.thealgorithms.scheduling.FCFSScheduling.scheduleProcesses
.,com.thealgorithms.scheduling,RRSchedulingTest,testingProcesses,Assertion roulette,The tool detected the smell in this test method because the test uses multiple assertion in the test. Total number of assertions in the test are: 19
.,com.thealgorithms.scheduling,RRSchedulingTest,testingProcesses,Eager test,The tool detected the smell in this test method because the test checks the results of more than one method from class under test. The called methods are: com.thealgorithms.devutils.entities.ProcessDetails.getTurnAroundTimeTime; com.thealgorithms.devutils.entities.ProcessDetails.getWaitingTime; com.thealgorithms.devutils.entities.ProcessDetails.getProcessId; com.thealgorithms.scheduling.RRScheduling.scheduleProcesses
.,com.thealgorithms.scheduling,SJFSchedulingTest,constructor,Assertion roulette,The tool detected the smell in this test method because the test uses multiple assertion in the test. Total number of assertions in the test are: 2
.,com.thealgorithms.scheduling,SJFSchedulingTest,sort,Assertion roulette,The tool detected the smell in this test method because the test uses multiple assertion in the test. Total number of assertions in the test are: 6
.,com.thealgorithms.scheduling,SJFSchedulingTest,sort,Eager test,The tool detected the smell in this test method because the test checks the results of more than one method from class under test. The called methods are: com.thealgorithms.scheduling.SJFScheduling.sortByArrivalTime; com.thealgorithms.devutils.entities.ProcessDetails.getProcessId
.,com.thealgorithms.scheduling,SJFSchedulingTest,scheduling,Assertion roulette,The tool detected the smell in this test method because the test uses multiple assertion in the test. Total number of assertions in the test are: 6
.,com.thealgorithms.scheduling,SJFSchedulingTest,schedulingOf_TwoProcesses,Assertion roulette,The tool detected the smell in this test method because the test uses multiple assertion in the test. Total number of assertions in the test are: 2
.,com.thealgorithms.scheduling,SJFSchedulingTest,schedulingOfA_ShortestJobArrivingLast,Assertion roulette,The tool detected the smell in this test method because the test uses multiple assertion in the test. Total number of assertions in the test are: 3
.,com.thealgorithms.scheduling,SJFSchedulingTest,scheduling_WithProcessesNotComingBackToBack,Assertion roulette,The tool detected the smell in this test method because the test uses multiple assertion in the test. Total number of assertions in the test are: 3
.,com.thealgorithms.searches,BinarySearch2dArrayTest,BinarySearch2dArrayTestMiddle,Assertion roulette,The tool detected the smell in this test method because the test uses multiple assertion in the test. Total number of assertions in the test are: 2
.,com.thealgorithms.searches,BinarySearch2dArrayTest,BinarySearch2dArrayTestMiddleSide,Assertion roulette,The tool detected the smell in this test method because the test uses multiple assertion in the test. Total number of assertions in the test are: 2
.,com.thealgorithms.searches,BinarySearch2dArrayTest,BinarySearch2dArrayTestUpper,Assertion roulette,The tool detected the smell in this test method because the test uses multiple assertion in the test. Total number of assertions in the test are: 2
.,com.thealgorithms.searches,BinarySearch2dArrayTest,BinarySearch2dArrayTestUpperSide,Assertion roulette,The tool detected the smell in this test method because the test uses multiple assertion in the test. Total number of assertions in the test are: 2
.,com.thealgorithms.searches,BinarySearch2dArrayTest,BinarySearch2dArrayTestLower,Assertion roulette,The tool detected the smell in this test method because the test uses multiple assertion in the test. Total number of assertions in the test are: 2
.,com.thealgorithms.searches,BinarySearch2dArrayTest,BinarySearch2dArrayTestLowerSide,Assertion roulette,The tool detected the smell in this test method because the test uses multiple assertion in the test. Total number of assertions in the test are: 2
.,com.thealgorithms.searches,BinarySearch2dArrayTest,BinarySearch2dArrayTestNotFound,Assertion roulette,The tool detected the smell in this test method because the test uses multiple assertion in the test. Total number of assertions in the test are: 2
.,com.thealgorithms.searches,BinarySearch2dArrayTest,BinarySearch2dArrayTestOneRow,Assertion roulette,The tool detected the smell in this test method because the test uses multiple assertion in the test. Total number of assertions in the test are: 3
.,com.thealgorithms.searches,BinarySearch2dArrayTest,BinarySearch2dArrayTestTargetInMiddle,Assertion roulette,The tool detected the smell in this test method because the test uses multiple assertion in the test. Total number of assertions in the test are: 3
.,com.thealgorithms.searches,BinarySearch2dArrayTest,BinarySearch2dArrayTestTargetAboveMiddleRowInMiddleColumn,Assertion roulette,The tool detected the smell in this test method because the test uses multiple assertion in the test. Total number of assertions in the test are: 4
.,com.thealgorithms.searches,BreadthFirstSearchTest,searchI,Assertion roulette,The tool detected the smell in this test method because the test uses multiple assertion in the test. Total number of assertions in the test are: 2
.,com.thealgorithms.searches,BreadthFirstSearchTest,searchG,Assertion roulette,The tool detected the smell in this test method because the test uses multiple assertion in the test. Total number of assertions in the test are: 2
.,com.thealgorithms.searches,BreadthFirstSearchTest,searchE,Assertion roulette,The tool detected the smell in this test method because the test uses multiple assertion in the test. Total number of assertions in the test are: 2
.,com.thealgorithms.searches,HowManyTimesRotatedTest,testHowManyTimesRotated,Assertion roulette,The tool detected the smell in this test method because the test uses multiple assertion in the test. Total number of assertions in the test are: 2
.,com.thealgorithms.searches,QuickSelectTest,quickSelectMinimumOfTwoElements,Assertion roulette,The tool detected the smell in this test method because the test uses multiple assertion in the test. Total number of assertions in the test are: 2
.,com.thealgorithms.searches,QuickSelectTest,quickSelectMinimumOfThreeElements,Assertion roulette,The tool detected the smell in this test method because the test uses multiple assertion in the test. Total number of assertions in the test are: 3
.,com.thealgorithms.searches,QuickSelectTest,quickSelectMaximumOfTwoElements,Assertion roulette,The tool detected the smell in this test method because the test uses multiple assertion in the test. Total number of assertions in the test are: 2
.,com.thealgorithms.searches,QuickSelectTest,quickSelectMaximumOfThreeElements,Assertion roulette,The tool detected the smell in this test method because the test uses multiple assertion in the test. Total number of assertions in the test are: 3
.,com.thealgorithms.searches,QuickSelectTest,quickSelectMedianOfThreeElements,Assertion roulette,The tool detected the smell in this test method because the test uses multiple assertion in the test. Total number of assertions in the test are: 3
.,com.thealgorithms.searches,QuickSelectTest,quickSelectNullList,Assertion roulette,The tool detected the smell in this test method because the test uses multiple assertion in the test. Total number of assertions in the test are: 2
.,com.thealgorithms.searches,QuickSelectTest,quickSelectEmptyList,Assertion roulette,The tool detected the smell in this test method because the test uses multiple assertion in the test. Total number of assertions in the test are: 2
.,com.thealgorithms.searches,QuickSelectTest,quickSelectIndexOutOfLeftBound,Assertion roulette,The tool detected the smell in this test method because the test uses multiple assertion in the test. Total number of assertions in the test are: 2
.,com.thealgorithms.searches,QuickSelectTest,quickSelectIndexOutOfRightBound,Assertion roulette,The tool detected the smell in this test method because the test uses multiple assertion in the test. Total number of assertions in the test are: 2
.,com.thealgorithms.searches,RowColumnWiseSorted2dArrayBinarySearchTest,rowColumnSorted2dArrayBinarySearchTestMiddle,Assertion roulette,The tool detected the smell in this test method because the test uses multiple assertion in the test. Total number of assertions in the test are: 2
.,com.thealgorithms.searches,RowColumnWiseSorted2dArrayBinarySearchTest,rowColumnSorted2dArrayBinarySearchTestSide,Assertion roulette,The tool detected the smell in this test method because the test uses multiple assertion in the test. Total number of assertions in the test are: 2
.,com.thealgorithms.searches,RowColumnWiseSorted2dArrayBinarySearchTest,rowColumnSorted2dArray_BinarySearchTestUpper,Assertion roulette,The tool detected the smell in this test method because the test uses multiple assertion in the test. Total number of assertions in the test are: 2
.,com.thealgorithms.searches,RowColumnWiseSorted2dArrayBinarySearchTest,rowColumnSorted2dArray_BinarySearchTestUpperSide,Assertion roulette,The tool detected the smell in this test method because the test uses multiple assertion in the test. Total number of assertions in the test are: 2
.,com.thealgorithms.searches,RowColumnWiseSorted2dArrayBinarySearchTest,rowColumnSorted2dArray_BinarySearchTestLower,Assertion roulette,The tool detected the smell in this test method because the test uses multiple assertion in the test. Total number of assertions in the test are: 2
.,com.thealgorithms.searches,RowColumnWiseSorted2dArrayBinarySearchTest,rowColumnSorted2dArray_BinarySearchTestLowerSide,Assertion roulette,The tool detected the smell in this test method because the test uses multiple assertion in the test. Total number of assertions in the test are: 2
.,com.thealgorithms.searches,RowColumnWiseSorted2dArrayBinarySearchTest,rowColumnSorted2dArray_BinarySearchTestNotFound,Assertion roulette,The tool detected the smell in this test method because the test uses multiple assertion in the test. Total number of assertions in the test are: 2
.,com.thealgorithms.sorts,InsertionSortTest,insertionSortSortEmptyArrayShouldPass,Missing assertion,The tool detected the smell in this test method because the test doesn't have any assertion.
.,com.thealgorithms.sorts,InsertionSortTest,insertionSortClassicalSortSingleValueArrayShouldPass,Missing assertion,The tool detected the smell in this test method because the test doesn't have any assertion.
.,com.thealgorithms.sorts,InsertionSortTest,insertionSortClassicalWithIntegerArrayShouldPass,Missing assertion,The tool detected the smell in this test method because the test doesn't have any assertion.
.,com.thealgorithms.sorts,InsertionSortTest,insertionSortClassicalForArrayWithNegativeValuesShouldPass,Missing assertion,The tool detected the smell in this test method because the test doesn't have any assertion.
.,com.thealgorithms.sorts,InsertionSortTest,insertionSortClassicalForArrayWithDuplicateValuesShouldPass,Missing assertion,The tool detected the smell in this test method because the test doesn't have any assertion.
.,com.thealgorithms.sorts,InsertionSortTest,insertionSortClassicalWithStringArrayShouldPass,Missing assertion,The tool detected the smell in this test method because the test doesn't have any assertion.
.,com.thealgorithms.sorts,InsertionSortTest,insertionSortClassicalWithRandomArrayPass,Missing assertion,The tool detected the smell in this test method because the test doesn't have any assertion.
.,com.thealgorithms.sorts,SortUtilsTest,isSortedArrayTrue,Assertion roulette,The tool detected the smell in this test method because the test uses multiple assertion in the test. Total number of assertions in the test are: 3
.,com.thealgorithms.sorts,SortUtilsTest,isSortedArrayFalse,Assertion roulette,The tool detected the smell in this test method because the test uses multiple assertion in the test. Total number of assertions in the test are: 3
.,com.thealgorithms.sorts,SortUtilsTest,isSortedListTrue,Assertion roulette,The tool detected the smell in this test method because the test uses multiple assertion in the test. Total number of assertions in the test are: 3
.,com.thealgorithms.sorts,SortUtilsTest,isSortedListFalse,Assertion roulette,The tool detected the smell in this test method because the test uses multiple assertion in the test. Total number of assertions in the test are: 3
.,com.thealgorithms.sorts,TopologicalSortTest,failureTest,Assertion roulette,The tool detected the smell in this test method because the test uses multiple assertion in the test. Total number of assertions in the test are: 2
.,com.thealgorithms.strings,AlphabeticalTest,isAlphabetical,Assertion roulette,The tool detected the smell in this test method because the test uses multiple assertion in the test. Total number of assertions in the test are: 6
.,com.thealgorithms.strings,AnagramsTest,isAlphabetical,Assertion roulette,The tool detected the smell in this test method because the test uses multiple assertion in the test. Total number of assertions in the test are: 9
.,com.thealgorithms.strings,AnagramsTest,isAlphabetical,Eager test,The tool detected the smell in this test method because the test checks the results of more than one method from class under test. The called methods are: com.thealgorithms.strings.Anagrams.approach5; com.thealgorithms.strings.Anagrams.approach1; com.thealgorithms.strings.Anagrams.approach3; com.thealgorithms.strings.Anagrams.approach4; com.thealgorithms.strings.Anagrams.approach2
.,com.thealgorithms.strings,CharacterSameTest,isAllCharactersSame,Assertion roulette,The tool detected the smell in this test method because the test uses multiple assertion in the test. Total number of assertions in the test are: 7
.,com.thealgorithms.strings,CheckAnagramsTest,testStringAreValidAnagramsCaseSensitive,Assertion roulette,The tool detected the smell in this test method because the test uses multiple assertion in the test. Total number of assertions in the test are: 2
.,com.thealgorithms.strings,CheckAnagramsTest,testStringAreNotAnagramsCaseSensitive,Assertion roulette,The tool detected the smell in this test method because the test uses multiple assertion in the test. Total number of assertions in the test are: 2
.,com.thealgorithms.strings,CheckAnagramsTest,testOptimisedAlgorithmStringsAreValidAnagrams,Assertion roulette,The tool detected the smell in this test method because the test uses multiple assertion in the test. Total number of assertions in the test are: 2
.,com.thealgorithms.strings,CheckAnagramsTest,testOptimisedAlgorithmShouldThrowExceptionWhenStringsContainUppercaseLetters,Assertion roulette,The tool detected the smell in this test method because the test uses multiple assertion in the test. Total number of assertions in the test are: 5
.,com.thealgorithms.strings,CheckVowelsTest,isVowel,Assertion roulette,The tool detected the smell in this test method because the test uses multiple assertion in the test. Total number of assertions in the test are: 4
.,com.thealgorithms.strings,HammingDistanceTest,testHammingDistance,Assertion roulette,The tool detected the smell in this test method because the test uses multiple assertion in the test. Total number of assertions in the test are: 5
.,com.thealgorithms.strings,HammingDistanceTest,testNotEqualStringLengths,Assertion roulette,The tool detected the smell in this test method because the test uses multiple assertion in the test. Total number of assertions in the test are: 2
.,com.thealgorithms.strings,IsomorphicTest,main,Assertion roulette,The tool detected the smell in this test method because the test uses multiple assertion in the test. Total number of assertions in the test are: 4
.,com.thealgorithms.strings,LetterCombinationsOfPhoneNumberTest,letterCombinationsOfPhoneNumber,Assertion roulette,The tool detected the smell in this test method because the test uses multiple assertion in the test. Total number of assertions in the test are: 4
.,com.thealgorithms.strings,LetterCombinationsOfPhoneNumberTest,letterCombinationsOfPhoneNumber,Eager test,The tool detected the smell in this test method because the test checks the results of more than one method from class under test. The called methods are: com.thealgorithms.strings.LetterCombinationsOfPhoneNumber.generateNumberToCharMap; com.thealgorithms.strings.LetterCombinationsOfPhoneNumber.printWords
.,com.thealgorithms.strings,longestNonRepeativeSubstringTest,palindrome,Assertion roulette,The tool detected the smell in this test method because the test uses multiple assertion in the test. Total number of assertions in the test are: 2
.,com.thealgorithms.strings,LowerTest,toLowerCase,Assertion roulette,The tool detected the smell in this test method because the test uses multiple assertion in the test. Total number of assertions in the test are: 3
.,com.thealgorithms.strings,PalindromeTest,palindrome,Assertion roulette,The tool detected the smell in this test method because the test uses multiple assertion in the test. Total number of assertions in the test are: 2
.,com.thealgorithms.strings,PalindromeTest,palindrome,Eager test,The tool detected the smell in this test method because the test checks the results of more than one method from class under test. The called methods are: com.thealgorithms.strings.Palindrome.isPalindromeRecursion; com.thealgorithms.strings.Palindrome.isPalindrome; com.thealgorithms.strings.Palindrome.isPalindromeTwoPointer
.,com.thealgorithms.strings,PangramTest,testPangram,Assertion roulette,The tool detected the smell in this test method because the test uses multiple assertion in the test. Total number of assertions in the test are: 8
.,com.thealgorithms.strings,PangramTest,testPangram,Eager test,The tool detected the smell in this test method because the test checks the results of more than one method from class under test. The called methods are: com.thealgorithms.strings.Pangram.isPangram; com.thealgorithms.strings.Pangram.isPangram2
.,com.thealgorithms.strings,ReverseStringTest,ReverseStringTest,Assertion roulette,The tool detected the smell in this test method because the test uses multiple assertion in the test. Total number of assertions in the test are: 8
.,com.thealgorithms.strings,ReverseStringTest,ReverseStringTest,Eager test,The tool detected the smell in this test method because the test checks the results of more than one method from class under test. The called methods are: com.thealgorithms.strings.ReverseString.reverse; com.thealgorithms.strings.ReverseString.reverse2
.,com.thealgorithms.strings,RotationTest,testRotation,Assertion roulette,The tool detected the smell in this test method because the test uses multiple assertion in the test. Total number of assertions in the test are: 3
.,com.thealgorithms.strings,UpperTest,toUpperCase,Assertion roulette,The tool detected the smell in this test method because the test uses multiple assertion in the test. Total number of assertions in the test are: 3
.,com.thealgorithms.strings,WordLadderTest,testWordLadder,Assertion roulette,The tool detected the smell in this test method because the test uses multiple assertion in the test. Total number of assertions in the test are: 2
.,com.thealgorithms.strings.zigZagPattern,zigZagPatternTest,palindrome,Assertion roulette,The tool detected the smell in this test method because the test uses multiple assertion in the test. Total number of assertions in the test are: 2
.,com.thealgorithms.datastructures.hashmap,HashMapCuckooHashingTest,insertKey,Assertion roulette,The tool detected the smell in this test method because the test uses multiple assertion in the test. Total number of assertions in the test are: 2
.,com.thealgorithms.datastructures.hashmap,HashMapCuckooHashingTest,insertKey,Eager test,The tool detected the smell in this test method because the test checks the results of more than one method from class under test. The called methods are: com.thealgorithms.datastructures.hashmap.hashing.HashMapCuckooHashing.getNumberOfKeysInTable; com.thealgorithms.datastructures.hashmap.hashing.HashMapCuckooHashing.insertKey2HashTable
.,com.thealgorithms.datastructures.hashmap,HashMapCuckooHashingTest,removeNone,Exceptional handling,The tool detected the smell in this test method because the test uses try-catch block to assert/fail a check.
.,com.thealgorithms.datastructures.hashmap,HashMapCuckooHashingTest,avoidInfiniteLoops,Assertion roulette,The tool detected the smell in this test method because the test uses multiple assertion in the test. Total number of assertions in the test are: 3
.,com.thealgorithms.datastructures.hashmap,HashMapCuckooHashingTest,avoidInfiniteLoops,Eager test,The tool detected the smell in this test method because the test checks the results of more than one method from class under test. The called methods are: com.thealgorithms.datastructures.hashmap.hashing.HashMapCuckooHashing.checkTableContainsKey; com.thealgorithms.datastructures.hashmap.hashing.HashMapCuckooHashing.insertKey2HashTable
